{
  "last_run": 1777746042.717156,
  "profit_tracking": {
    "buy_price": 0.097074,
    "peak_price": 0.097088
  }
}