{
  "last_run": 1777827104.963855,
  "profit_tracking": {
    "buy_price": 0.097074,
    "peak_price": 0.097357
  }
}