{
  "last_run": 1777743645.5115178,
  "profit_tracking": {
    "buy_price": 0.097074,
    "peak_price": 0.097088
  }
}