{
  "last_run": 1777828610.3412166,
  "profit_tracking": {
    "buy_price": 0.097074,
    "peak_price": 0.097357
  }
}